"","meta_n_repeats","meta_n_experiments_per_repeat","meta_n_participants_per_experiment","meta_n_trials_per_participant","meta_n_people","meta_true_base","meta_true_sex","meta_true_cond","meta_true_sex_cond","pub_pp_l","pub_pp_l_pb_sym","pub_pp_l_pb_asym","pub_pp_c","pub_pp_c_pb_sym","pub_pp_c_pb_asym","meta_var_pop","meta_base_estimate_pp_l","meta_sex_estimate_pp_l","meta_cond_estimate_pp_l","meta_sex_cond_estimate_pp_l","meta_base_estimate_pp_l_pb_sym","meta_sex_estimate_pp_l_pb_sym","meta_cond_estimate_pp_l_pb_sym","meta_sex_cond_estimate_pp_l_pb_sym","meta_base_estimate_pp_l_pb_asym","meta_sex_estimate_pp_l_pb_asym","meta_cond_estimate_pp_l_pb_asym","meta_sex_cond_estimate_pp_l_pb_asym","meta_base_estimate_pp_c","meta_sex_estimate_pp_c","meta_cond_estimate_pp_c","meta_sex_cond_estimate_pp_c","meta_base_estimate_pp_c_pb_sym","meta_sex_estimate_pp_c_pb_sym","meta_cond_estimate_pp_c_pb_sym","meta_sex_cond_estimate_pp_c_pb_sym","meta_base_estimate_pp_c_pb_asym","meta_sex_estimate_pp_c_pb_asym","meta_cond_estimate_pp_c_pb_asym","meta_sex_cond_estimate_pp_c_pb_asym","meta_base_estimate_pp_l_p","meta_sex_estimate_pp_l_p","meta_cond_estimate_pp_l_p","meta_sex_cond_estimate_pp_l_p","meta_base_estimate_pp_l_pb_sym_p","meta_sex_estimate_pp_l_pb_sym_p","meta_cond_estimate_pp_l_pb_sym_p","meta_sex_cond_estimate_pp_l_pb_sym_p","meta_base_estimate_pp_l_pb_asym_p","meta_sex_estimate_pp_l_pb_asym_p","meta_cond_estimate_pp_l_pb_asym_p","meta_sex_cond_estimate_pp_l_pb_asym_p","meta_base_estimate_pp_c_p","meta_sex_estimate_pp_c_p","meta_cond_estimate_pp_c_p","meta_sex_cond_estimate_pp_c_p","meta_base_estimate_pp_c_pb_sym_p","meta_sex_estimate_pp_c_pb_sym_p","meta_cond_estimate_pp_c_pb_sym_p","meta_sex_cond_estimate_pp_c_pb_sym_p","meta_base_estimate_pp_c_pb_asym_p","meta_sex_estimate_pp_c_pb_asym_p","meta_cond_estimate_pp_c_pb_asym_p","meta_sex_cond_estimate_pp_c_pb_asym_p","meta_base_estimate_lower_pp_l","meta_sex_estimate_lower_pp_l","meta_cond_estimate_lower_pp_l","meta_sex_cond_estimate_lower_pp_l","meta_base_estimate_lower_pp_l_pb_sym","meta_sex_estimate_lower_pp_l_pb_sym","meta_cond_estimate_lower_pp_l_pb_sym","meta_sex_cond_estimate_lower_pp_l_pb_sym","meta_base_estimate_lower_pp_l_pb_asym","meta_sex_estimate_lower_pp_l_pb_asym","meta_cond_estimate_lower_pp_l_pb_asym","meta_sex_cond_estimate_lower_pp_l_pb_asym","meta_base_estimate_lower_pp_c","meta_sex_estimate_lower_pp_c","meta_cond_estimate_lower_pp_c","meta_sex_cond_estimate_lower_pp_c","meta_base_estimate_lower_pp_c_pb_sym","meta_sex_estimate_lower_pp_c_pb_sym","meta_cond_estimate_lower_pp_c_pb_sym","meta_sex_cond_estimate_lower_pp_c_pb_sym","meta_base_estimate_lower_pp_c_pb_asym","meta_sex_estimate_lower_pp_c_pb_asym","meta_cond_estimate_lower_pp_c_pb_asym","meta_sex_cond_estimate_lower_pp_c_pb_asym","meta_base_estimate_upper_pp_l","meta_sex_estimate_upper_pp_l","meta_cond_estimate_upper_pp_l","meta_sex_cond_estimate_upper_pp_l","meta_base_estimate_upper_pp_l_pb_sym","meta_sex_estimate_upper_pp_l_pb_sym","meta_cond_estimate_upper_pp_l_pb_sym","meta_sex_cond_estimate_upper_pp_l_pb_sym","meta_base_estimate_upper_pp_l_pb_asym","meta_sex_estimate_upper_pp_l_pb_asym","meta_cond_estimate_upper_pp_l_pb_asym","meta_sex_cond_estimate_upper_pp_l_pb_asym","meta_base_estimate_upper_pp_c","meta_sex_estimate_upper_pp_c","meta_cond_estimate_upper_pp_c","meta_sex_cond_estimate_upper_pp_c","meta_base_estimate_upper_pp_c_pb_sym","meta_sex_estimate_upper_pp_c_pb_sym","meta_cond_estimate_upper_pp_c_pb_sym","meta_sex_cond_estimate_upper_pp_c_pb_sym","meta_base_estimate_upper_pp_c_pb_asym","meta_sex_estimate_upper_pp_c_pb_asym","meta_cond_estimate_upper_pp_c_pb_asym","meta_sex_cond_estimate_upper_pp_c_pb_asym","meta_base_uncertainty_pp_l","meta_sex_uncertainty_pp_l","meta_cond_uncertainty_pp_l","meta_sex_cond_uncertainty_pp_l","meta_base_uncertainty_pp_l_pb_sym","meta_sex_uncertainty_pp_l_pb_sym","meta_cond_uncertainty_pp_l_pb_sym","meta_sex_cond_uncertainty_pp_l_pb_sym","meta_base_uncertainty_pp_l_pb_asym","meta_sex_uncertainty_pp_l_pb_asym","meta_cond_uncertainty_pp_l_pb_asym","meta_sex_cond_uncertainty_pp_l_pb_asym","meta_base_uncertainty_pp_c","meta_sex_uncertainty_pp_c","meta_cond_uncertainty_pp_c","meta_sex_cond_uncertainty_pp_c","meta_base_uncertainty_pp_c_pb_sym","meta_sex_uncertainty_pp_c_pb_sym","meta_cond_uncertainty_pp_c_pb_sym","meta_sex_cond_uncertainty_pp_c_pb_sym","meta_base_uncertainty_pp_c_pb_asym","meta_sex_uncertainty_pp_c_pb_asym","meta_cond_uncertainty_pp_c_pb_asym","meta_sex_cond_uncertainty_pp_c_pb_asym","meta_base_uncertainty_pp_l_p","meta_sex_uncertainty_pp_l_p","meta_cond_uncertainty_pp_l_p","meta_sex_cond_uncertainty_pp_l_p","meta_base_uncertainty_pp_l_pb_sym_p","meta_sex_uncertainty_pp_l_pb_sym_p","meta_cond_uncertainty_pp_l_pb_sym_p","meta_sex_cond_uncertainty_pp_l_pb_sym_p","meta_base_uncertainty_pp_l_pb_asym_p","meta_sex_uncertainty_pp_l_pb_asym_p","meta_cond_uncertainty_pp_l_pb_asym_p","meta_sex_cond_uncertainty_pp_l_pb_asym_p","meta_base_uncertainty_pp_c_p","meta_sex_uncertainty_pp_c_p","meta_cond_uncertainty_pp_c_p","meta_sex_cond_uncertainty_pp_c_p","meta_base_uncertainty_pp_c_pb_sym_p","meta_sex_uncertainty_pp_c_pb_sym_p","meta_cond_uncertainty_pp_c_pb_sym_p","meta_sex_cond_uncertainty_pp_c_pb_sym_p","meta_base_uncertainty_pp_c_pb_asym_p","meta_sex_uncertainty_pp_c_pb_asym_p","meta_cond_uncertainty_pp_c_pb_asym_p","meta_sex_cond_uncertainty_pp_c_pb_asym_p"
"1",4,60,80,25,1e+05,0,0,0,-2,60,55,36,60,56,34,0.565428054007521,0.481934729352941,0.0679059889848293,-0.0323225335139921,-0.377331344173299,0.482731658620369,0.0673269359284023,-0.0301583176218986,-0.381328241367895,0.483823447887313,0.0641672581264811,-0.0359307409266912,-0.369758210797551,0.492493085510553,0.043857079450109,-0.0548610765525174,-0.32616420487288,0.492270789366456,0.0447537831729183,-0.055624085686558,-0.328348997876599,0.487098975616783,0.0561067900592902,-0.0451748154236582,-0.350348765746139,0.618204628736672,0.0158940069215801,-0.007657602656579,-0.091451606118636,0.618392708364235,0.015756476922882,-0.00714181402060499,-0.0924196913269261,0.618650318928413,0.0150189750016031,-0.00851222943648311,-0.0896415375321876,0.620693563466279,0.010269401894939,-0.0129989220043252,-0.0792107041678249,0.620641226200039,0.010478760215871,-0.0131815082624219,-0.0797501229044851,0.619422787410245,0.0131350575000627,-0.0107053634353205,-0.0849988924960507,0.426243910094548,0.00484361869759545,-0.0985598355477043,-0.390469581361629,0.423158624383621,-0.00224674331578912,-0.093888776223838,-0.399093088448258,0.422896582760631,0.0018252721015862,-0.105518349923916,-0.389323312477227,0.434032601275477,-0.0207050276719596,-0.124113969409316,-0.334985695283807,0.432113915978348,-0.0253399681574315,-0.116575181887761,-0.336853301548747,0.430849906739239,-0.0152680044157416,-0.116075309055207,-0.411746939173387,0.538795321351802,0.131273915057239,0.0337567778250445,-0.363755612521745,0.539779600565783,0.132498417586852,0.0310228144627822,-0.363394903903177,0.543084940351391,0.130140375108468,0.0301035661169778,-0.350898503245792,0.551610381265177,0.107697059461446,0.0149336007702941,-0.317778056769131,0.554565149946778,0.111545564207708,0.00894554470447833,-0.319724112480153,0.543446591291923,0.12472041766983,0.0249268887976299,-0.287362241812179,0.112551411257254,0.126430296359644,0.132316613372749,0.0267139688398843,0.116620976182162,0.134745160902641,0.12491159068662,0.0356981845450804,0.12018835759076,0.128315103006882,0.135621916040893,0.0384248092314352,0.117577779989701,0.128402087133406,0.139047570179611,0.0172076385146752,0.122451233968429,0.136885532365139,0.125520726592239,0.0171291890685932,0.112596684552683,0.139988422085571,0.141002197852837,0.124384697361208,0.0265557412273596,0.0293251889921283,0.0314529182288612,0.00664558821029548,0.0275223123854256,0.0312705541371784,0.029682081562558,0.00888155594283691,0.0283535927281615,0.0297636249872999,0.0322623578498149,0.00955768466263751,0.0276729268787181,0.0298929289005678,0.0331357784368901,0.00427611301787156,0.0288157517703482,0.0318718754853666,0.0299106138752232,0.00425727173055535,0.0265372177992652,0.0325386874291093,0.0335749549839991,0.0309156213890821
"2",4,60,80,25,1e+05,0,0,0,-2,60,49,38,60,58,39,0.277669086702768,0.515312154385842,-0.0133803584964337,0.0207446289680152,-0.372690472751202,0.51455728438614,-0.0127797302846211,0.0207649047529893,-0.372938206016814,0.515059399726266,-0.0124085717020855,0.0205807387952065,-0.372477952584024,0.523552011463453,-0.0308183523577931,0.00100243457540018,-0.333642774811594,0.522595395867045,-0.0302345316990151,0.00269442925248047,-0.332100824542438,0.524906260104728,-0.0370586417886601,-0.00457170463324124,-0.317460622827632,0.626050939467156,-0.0031377365720302,0.00484370974345205,-0.090330559589104,0.625874199166566,-0.00299722717343154,0.00484937115132755,-0.0903948816082081,0.625991764895456,-0.00290968178904683,0.00480585636328779,-0.0902707516689781,0.627977969574385,-0.00722776877433218,0.000234160348867252,-0.0810462956377864,0.627754456123818,-0.00709202243003249,0.000629413950523516,-0.0806431399947127,0.628294296489759,-0.00869504118410691,-0.00106830324629303,-0.0771718489969871,0.46635938404715,-0.067088743117319,-0.0379016203169326,-0.3830487598512,0.468253803771032,-0.070921732891457,-0.0361745692812924,-0.384053278380059,0.46630091391039,-0.0685414551344802,-0.0347575596368631,-0.388727951591074,0.474787481630849,-0.0894413063052523,-0.0584680016179751,-0.33518145412025,0.477575954193609,-0.0882930035368696,-0.0509474927669578,-0.333622370030757,0.473150770991412,-0.0946267281174501,-0.0629255831971063,-0.332819651856189,0.56246374083791,0.0460031483898006,0.0781820563583825,-0.3626460574758,0.565427056594411,0.042469774170389,0.0787383534844142,-0.361336609917696,0.564376806861149,0.0440819196463371,0.0765709651956386,-0.355327291111263,0.572566981167738,0.029862005556671,0.0589942558242249,-0.332199791235177,0.570789592659852,0.0243261118207007,0.0558268141674108,-0.330566062052217,0.575190314852091,0.021654635242593,0.0505839815426628,-0.30268863291875,0.0961043567907593,0.11309189150712,0.116083676675315,0.0204027023754007,0.097173252823378,0.113391507061846,0.114912922765707,0.0227166684623633,0.0980758929507595,0.112623374780817,0.111328524832502,0.0334006604798112,0.0977794995368896,0.119303311861923,0.1174622574422,0.0029816628850729,0.0932136384662432,0.11261911535757,0.106774306934369,0.00305630797853984,0.10203954386068,0.116281363360043,0.113509564739769,0.0301310189374396,0.0225007002478954,0.0265400701810055,0.0270302537074291,0.00507211318036704,0.0227369521887422,0.0266394122191821,0.0267550564277899,0.0056473459511801,0.0229567833889825,0.026442809038293,0.0259199922369147,0.00830243003586062,0.0228390200909143,0.0280724672611302,0.0274335422844278,0.000740662518392332,0.0217700410587524,0.0265204921300496,0.0249305574178065,0.000759026451100264,0.0238307185844346,0.0273969088737646,0.0265451097283785,0.00748125622940765
"3",4,60,80,25,1e+05,0,0,0,-2,60,52,46,60,52,34,0.842525172493501,0.531804373408739,-0.00467090352477057,-0.0290555652951004,-0.338325908779867,0.531214070405805,-0.0017512335615368,-0.0294418439860822,-0.340978271597953,0.531108791500868,-0.0037500312078097,-0.0309853098066239,-0.335357208459544,0.534985720057301,-0.0139122522558737,-0.040520256134352,-0.309753909252074,0.535925262484562,-0.0142487552843785,-0.0426498072906097,-0.308020847278118,0.545991041875791,-0.0404292742797749,-0.066653582661959,-0.244894771796818,0.629903855003413,-0.00108956346199096,-0.00679876147204461,-0.0821622520513088,0.629766230073223,-0.000408411595341995,-0.00689050956001991,-0.0827902279808924,0.629741682832031,-0.0008748084857223,-0.0072533334124758,-0.0814462252074554,0.630645199404068,-0.00324645469610751,-0.00948738351267242,-0.0753150383650107,0.630864021866938,-0.00332431573799918,-0.00998628010991587,-0.0749058408601971,0.633204982902096,-0.00943950863713527,-0.0156135696918499,-0.0598001244944546,0.45827446818543,-0.0838100642891896,-0.105365105648179,-0.35533429536971,0.459809567954047,-0.0852180701356297,-0.113472986855151,-0.361004359263839,0.455537693385315,-0.0818845221396474,-0.111822516821794,-0.355614086042682,0.461460140113227,-0.1056283895946,-0.125781357275947,-0.40968628109753,0.46339691060725,-0.103265913047223,-0.134596998836598,-0.402769843686542,0.466029073808091,-0.142889787204568,-0.159421614043409,-0.370346374460498,0.604435893474088,0.0743505383685906,0.052769083309056,-0.321856727486513,0.603753007570293,0.0852493146978954,0.0552331608720597,-0.320421588225428,0.605586035562126,0.0739846841421402,0.0523594206611403,-0.314882122121789,0.609410557430732,0.0766419271269815,0.0460071930234521,-0.209774515507034,0.612278798561093,0.0706489168021989,0.0472840845864074,-0.210693257655646,0.622610980621468,0.0539225001343116,0.02609029329589,-0.123237168161735,0.146161425288657,0.15816060265778,0.158134188957235,0.0334775678831976,0.143943439616246,0.170467384833525,0.168706147727211,0.0405827710384109,0.150048342176811,0.155869206281788,0.164181937482934,0.0407319639208926,0.147950417317504,0.182270316721581,0.1717885502994,0.199911765590496,0.148881887953842,0.173914829849422,0.181881083423005,0.192076586030895,0.156581906813377,0.196812287338879,0.185511907339299,0.247109206298763,0.0340657594975829,0.0369009300426367,0.0370959996413878,0.00831620816781109,0.0335454657003973,0.0397269475262221,0.0396069761795799,0.0100812527226112,0.0349782002081058,0.0363659655520868,0.0385526018030647,0.0101168418824096,0.0344458257907456,0.042591806499649,0.0403987589726971,0.049574742009032,0.0346407436883764,0.0406504131568723,0.0427987943876412,0.0476287407580338,0.0363686803698722,0.0462039844507075,0.043786706711104,0.0611351436070375
"4",4,60,80,25,1e+05,0,0,0,-2,60,53,38,60,51,35,0.948250666762311,0.492490111148925,0.0383975529608835,0.0301155856367461,-0.353984748492911,0.493210133843236,0.0385281328033751,0.0290793617720304,-0.354463142559692,0.49279124645649,0.0381971111307443,0.029906709888463,-0.351688040665372,0.503198510408221,0.0115110920091778,0.00275194213690198,-0.286874935408416,0.51062299195069,-0.00691684494704664,-0.0165781606937828,-0.24035490172346,0.504194569907998,0.0101552902564899,-0.000338662030393237,-0.283251780387729,0.620692863202957,0.00899725851846367,0.00706400002398577,-0.0851835435720932,0.620862365736183,0.00902607799673216,0.00682060519111083,-0.0853027142524175,0.620763757884724,0.00894984328268622,0.00701466413435459,-0.0846164374800685,0.623210698079759,0.00269916653602409,0.000645989199143715,-0.069163274298261,0.624952506965501,-0.00162261356293725,-0.00389367972599952,-0.0580541253564082,0.623444563178355,0.00238106515932124,-7.95081090230187e-05,-0.0683109082004625,0.417231363462851,-0.0529021915318151,-0.0548725701405701,-0.373438768967641,0.412110024849155,-0.0550298497337135,-0.0564600861535462,-0.381930080817981,0.410152992718872,-0.047761880601315,-0.0571502390559124,-0.373520392027664,0.426599148259997,-0.0861606102463381,-0.0908458217500589,-0.364528887175922,0.427892473385912,-0.114671259759293,-0.122187810882632,-0.372713544584019,0.421893706563771,-0.0925583300897868,-0.0987065902724584,-0.385249118982935,0.571409773793438,0.129229893244289,0.11825608516999,-0.333932502945916,0.568900791821968,0.131818935613669,0.116453627951949,-0.326694263957866,0.571093828663732,0.124657802661164,0.123009861061846,-0.33104954561748,0.586350404514481,0.109870588654099,0.0956348291592881,-0.198883838657188,0.595586066823736,0.0974223387450813,0.0833864965783063,-0.101231075995473,0.584861622471536,0.105173106669392,0.0981899900278824,-0.180865993037998,0.154178410330587,0.182132084776104,0.17312865531056,0.0395062660217248,0.156790766972813,0.186848785347383,0.172913714105495,0.0552358168601146,0.160940835944859,0.172419683262479,0.180160100117758,0.0424708464101836,0.159751256254483,0.196031198900437,0.186480650909347,0.165645048518734,0.167693593437824,0.212093598504375,0.205574307460939,0.271482468588546,0.162967915907765,0.197731436759179,0.196896580300341,0.204383125944937,0.0362678594034991,0.0424487997146809,0.0404198084818582,0.00977088941610993,0.0369157847876403,0.0435361225101246,0.040379737493668,0.0136619344784131,0.0378909690109543,0.0401813792402488,0.0420430933699592,0.0105026465693737,0.037466036866505,0.0458663582118044,0.043737472310943,0.0408187686102179,0.0392755214530748,0.0497801538918187,0.0483786344935605,0.066722127138631,0.0382489884390697,0.0463163935789608,0.0461961771292861,0.0503783386080283
"5",4,60,80,25,1e+05,0,0,0,-1,60,55,38,60,57,39,0.427005628735253,0.4754401223377,0.0583891581491694,0.00182471435471594,-0.226195672550703,0.475101656605146,0.0579013678593832,0.00402481162993519,-0.229443210125626,0.47655546566412,0.0549545819926708,-0.000681573851737037,-0.219405361483454,0.482855123566673,0.0400645899584933,-0.0149714308588169,-0.186803515118623,0.483424853722203,0.0410785676846165,-0.014188177399537,-0.188528710529382,0.483778900257106,0.0402123197324558,-0.0146632217183256,-0.188015731552948,0.616670549493907,0.0137052376489073,0.000431248617286384,-0.0540539975158526,0.616590537103271,0.0135927098762783,0.000951044654612265,-0.0548387051244423,0.616934168921536,0.0129010687713289,-0.000161086727068604,-0.0524415623208825,0.618421843587312,0.00940839555674677,-0.00353911090660075,-0.0446879128274634,0.618556277308912,0.00964393513914352,-0.00335320530007044,-0.0450874249092067,0.618639809102315,0.00944076331908128,-0.00346538108661498,-0.0449711630637063,0.420764692582044,-0.00308135265422608,-0.0585581899572925,-0.240045581241805,0.418661652987442,-0.00338280635973839,-0.0588730844026774,-0.24293839371001,0.418824433595497,-0.00972801630793356,-0.0608798888456169,-0.233739397213137,0.428557436194175,-0.0296765790802137,-0.0783761507038305,-0.253419237765136,0.422964279954637,-0.029864730943966,-0.0826055641360425,-0.258248556817669,0.427153222956316,-0.0277342854989044,-0.0840177949662862,-0.256239924616695,0.530669525578864,0.117626473869935,0.0668546417787588,-0.21272978214477,0.528609962974274,0.123144981634314,0.0701926569636226,-0.216582165023543,0.530704557670564,0.119736555305106,0.0663148518929365,-0.205760694456052,0.537346334989663,0.112173990238859,0.0523500110188324,-0.121768382185066,0.540861105975025,0.114072055960955,0.0537578523154338,-0.119495881748128,0.538751905073329,0.108594260730594,0.0535673023814005,-0.123766603477309,0.109904832996821,0.120707826524161,0.125412831736051,0.0273157990970352,0.109948309986832,0.126527787994053,0.1290657413663,0.0263562286864665,0.111880124075067,0.12946457161304,0.127194740738553,0.0279787027570851,0.108788898795487,0.141850569319072,0.130726161722663,0.13165085558007,0.117896826020388,0.143936786904921,0.136363416451476,0.138752675069542,0.111598682117013,0.136328546229499,0.137585097347687,0.132473321139386,0.0259730350414173,0.0281265621275978,0.029609193255,0.0066681317569206,0.0259958987223415,0.0294645578940634,0.0304627192233148,0.00643586170118737,0.0264455109051073,0.0301749397554623,0.0300318820598442,0.00682804622085209,0.0256657470265766,0.0331235290588667,0.0309330023479479,0.032071813393178,0.0278203522039541,0.0335980791744427,0.032272313010518,0.0337948110058575,0.0263283514400331,0.0318340431643797,0.0325645994342302,0.032277305832365
"6",4,60,80,25,1e+05,0,0,0,-1,60,57,42,60,57,39,0.146698309716522,0.492749466204794,0.023597963881718,0.0159862735865683,-0.23697304227973,0.494025604571851,0.0228733567963277,0.0139991416178571,-0.234775812324729,0.49328692213531,0.0222799455817989,0.0134775299028339,-0.234337964020709,0.505426435844941,-0.00464514383197868,-0.0132358730472816,-0.173873360811458,0.505468302301769,-0.0036769753719682,-0.00998247013560691,-0.179018540876455,0.509619064543329,-0.0142487554775368,-0.0225529981507248,-0.15357198234384,0.62075392209057,0.00553935532633731,0.00375613354033966,-0.0567414088144138,0.621054302329383,0.00536805199436996,0.00328901250613489,-0.0562170608248762,0.620880440940227,0.00523012784571519,0.00316723980344613,-0.0561298552038367,0.623733713792503,-0.00109079364177533,-0.00311137677548612,-0.0417502284884673,0.623743539379018,-0.000863332136783579,-0.00234563933439491,-0.042968368838147,0.624717170060116,-0.00334644865578415,-0.00530214064156076,-0.0369282588262991,0.447723677609049,-0.029879908218768,-0.0358021261097631,-0.24634940945408,0.447646092140148,-0.0298812860058621,-0.0398693326112375,-0.250752698678698,0.446094573247412,-0.0298972296533238,-0.0525360847919965,-0.246610883687201,0.459235404325759,-0.0610597515998482,-0.0679770751073569,-0.217690516681253,0.458067587306773,-0.0622166521811682,-0.070317076428067,-0.224564636357454,0.457742986664663,-0.0799479509170436,-0.0924239698817515,-0.25081006899109,0.538906020300686,0.0808337674398913,0.071372269463964,-0.227454999948919,0.538393059857199,0.0763303703196092,0.0681932290184672,-0.219186589998563,0.537446317495112,0.0730906122569333,0.0719836361576491,-0.222562187114577,0.550497135204996,0.0533896393392886,0.0438960950466965,-0.131387220436292,0.555893656774699,0.0598760840180135,0.0517447859906362,-0.130336852757462,0.561030873370533,0.057070876591065,0.0473639400604838,-0.0593964931807653,0.0911823426916365,0.110713675658659,0.107174395573727,0.0188944095051611,0.0907469677170508,0.106211656325471,0.108062561629705,0.031566108680135,0.0913517442477001,0.102987841910257,0.124519720949646,0.0240486965726238,0.0912617308792367,0.114449390939137,0.111873170154053,0.0863032962449611,0.0978260694679263,0.122092736199182,0.122061862418703,0.0942277835999922,0.10328788670587,0.137018827508109,0.139787909942235,0.191413575810325,0.0214600117002161,0.0258948819279118,0.0251159419620516,0.00462198245815559,0.021359097657894,0.0248484484045188,0.0253388107395441,0.00772109558820533,0.0215078828608231,0.0241088939423623,0.0292332408317656,0.00588364615405157,0.0214181453581591,0.0268795277982851,0.0263273017918381,0.0210528418242893,0.0229462262141261,0.028654663535372,0.0287043973903647,0.0229804775475204,0.0242124174603217,0.032203915393809,0.0329423125760474,0.0466328747705452
"7",4,60,80,25,1e+05,0,0,0,-1,60,58,34,60,49,24,0.944621521501869,0.458810348214725,-0.00218729516792719,0.0795368079706314,-0.193936678006721,0.461404340394461,-0.00286591565875772,0.075877676303007,-0.191855349818856,0.464278813107788,-0.00657794449775321,0.0743135409058721,-0.187769590668599,0.46201842525776,-0.00664844346063276,0.0767777593610766,-0.18657376592305,0.461793475013506,-0.00591140944327083,0.0745831227705686,-0.185472255317771,0.482159647538557,-0.063056671030717,0.0195562352709821,-0.042822730545868,0.612731919752936,-0.00051915438761152,0.018695920688114,-0.0461782266674937,0.613347271795456,-0.000679879154268037,0.0178326475405148,-0.045687614575491,0.614028737386583,-0.00156012063438304,0.0174561653023114,-0.0447035117801966,0.613492893351579,-0.00157765929263476,0.018039441836724,-0.0444108063309334,0.613439551931323,-0.00140271775996192,0.017529568257202,-0.0441635484982664,0.618257714239432,-0.0149891341305549,0.00460477098036605,-0.0101864308469569,0.379598258974723,-0.0954572288435668,-0.0164833216620613,-0.213093114665718,0.378015439421452,-0.0983864029355907,-0.0161089914127198,-0.21074503611989,0.382578276500122,-0.0953045101959674,-0.0156658735383525,-0.212044157032093,0.373675255529947,-0.107569397983366,-0.0238185799744334,-0.27856511084264,0.378160422779494,-0.10227987089536,-0.0311865263812124,-0.274097686337981,0.39902710475392,-0.175706920332855,-0.0929869386557989,-0.175677246692524,0.541417363582553,0.0874516049375143,0.177115174087905,-0.173299970221352,0.548508182173049,0.0908159426587109,0.168055443249335,-0.172813451982423,0.547215622426399,0.0863246811331258,0.167156249942445,-0.163350244827169,0.549666017985444,0.0951328751163939,0.171440510643983,-0.0940520200786634,0.542538323513564,0.0842676828487926,0.174508606166624,-0.0951181539507007,0.572705074900937,0.049537073730135,0.131664188854436,0.0951175727636522,0.16181910460783,0.182908833781081,0.193598495749967,0.0397931444443659,0.170492742751598,0.189202345594302,0.184164434662055,0.0379315841374668,0.164637345926277,0.181629191329093,0.182822123480797,0.0486939122049236,0.175990762455497,0.20270227309976,0.195259090618416,0.184513090763977,0.16437790073407,0.186547553744152,0.205695132547836,0.178979532387281,0.173677970147018,0.22524399406299,0.224651127510235,0.270794819456176,0.0383658667552673,0.043416014843815,0.0450184648210059,0.00966109687834527,0.0403950466407662,0.0448797652709521,0.0428468791456351,0.00920967742393353,0.038994552129006,0.0430644843252561,0.0425053897960987,0.0118191516995866,0.0417113508296751,0.0480971112256909,0.0454433447432064,0.0447470747877768,0.0389733558933553,0.0442985814045946,0.0478984704722294,0.0434066308066078,0.0409332333281773,0.0538595814691559,0.0527290466810844,0.0649943723227181
"8",4,60,80,25,1e+05,0,0,0,-1,60,56,39,60,54,26,0.418936234579387,0.545765990818154,-0.014372277984152,-0.0624959069972087,-0.215858049766052,0.540639465199494,-0.0117449451610587,-0.0539288550358446,-0.219562771180765,0.54521646637989,-0.0139864953570044,-0.0591619856381606,-0.220311002338178,0.544987582708477,-0.0136785838175427,-0.0593779182101359,-0.219991113750608,0.546786483533549,-0.0150692144872536,-0.0549648902790357,-0.221267302703136,0.548430210402565,-0.0216763478630274,-0.067309021614429,-0.200156773713578,0.633152711779554,-0.00334459712394197,-0.014632952233531,-0.052250615921732,0.631961161096688,-0.00273592166528069,-0.0126299305036964,-0.053089421545657,0.633025064206161,-0.0032551267411729,-0.0138485348303957,-0.0533124956868434,0.632971891918982,-0.00318352852395887,-0.0139002544176362,-0.0532341738487071,0.633389709761008,-0.00350616119084235,-0.0128542505814323,-0.0535031965924108,0.633771311196294,-0.00504562695184496,-0.0157587189965821,-0.048505690339707,0.4957766785524,-0.0729918993429892,-0.113486901197835,-0.226729968678439,0.49884590834962,-0.0723615232579809,-0.110341718274998,-0.234092468060257,0.496647241017955,-0.0702937186038698,-0.117800231062562,-0.241109332373599,0.494334766281637,-0.0768729236433966,-0.124462607053265,-0.291116124801517,0.497899387052734,-0.0715357864430299,-0.125006629008356,-0.289298198668911,0.496504692376515,-0.0880656194022369,-0.139220023710437,-0.295931641131293,0.597329180492795,0.0462595738801136,-0.00672555019294547,-0.204551816683437,0.593396577293564,0.0428364210421061,-0.00281221144208118,-0.20479194463279,0.59447744855016,0.0452799985197211,0.00562047702385508,-0.200231889175853,0.59513050009491,0.0488268254271469,0.00610160609305601,-0.154078070461717,0.595858848895576,0.0476953868095776,0.00641348856151458,-0.148875391074728,0.59898065600488,0.0495007009510061,0.00152643308965836,-0.0988983813418521,0.101552501940394,0.119251473223103,0.106761351004889,0.0221781519950019,0.0945506689439442,0.115197944300087,0.107529506832916,0.0293005234274668,0.0978302075322046,0.115573717123591,0.123420708086417,0.0408774431977459,0.100795733813273,0.125699749070544,0.130564213146321,0.137038054339799,0.097959461842842,0.119231173252607,0.131420117569871,0.140422807594183,0.102475963628366,0.137566320353243,0.140746456800095,0.197033259789441,0.0235787044853681,0.0277896330888542,0.0251714090844871,0.00545652119655471,0.0219560211114458,0.0268907274894913,0.0253620715811638,0.00720672887198581,0.0227207220516543,0.0269308087014026,0.0290732256653065,0.0100592452158011,0.0234143933227151,0.0293024441223207,0.0307793890977828,0.0337199428347499,0.0227427531275634,0.0277670621599768,0.0309686149534377,0.0345159286832623,0.0237854917428402,0.0320821251194292,0.0332270505894244,0.0483852460520698
"9",4,60,80,25,1e+05,0,0,0,0,60,12,14,60,13,13,0.505333746154946,0.525582158952052,-0.0388382830551605,0.0292368102112459,-0.00376373989285203,0.527653589870529,-0.0455375815898575,0.0230787639189306,0.010299759122602,0.528411299783361,-0.0409481998320334,0.0267693007030259,-0.000191565294976943,0.527745074040639,-0.0445632651231955,0.0273264034588808,0.00473449397712087,0.524595235452897,-0.035546379333921,0.0330745035474834,-0.013075156936557,0.525403480025915,-0.0368214010687373,0.0304746738090943,-0.0103804962429894,0.628452132601579,-0.00911305930854178,0.00680077169930549,-0.00081381054826335,0.628935682987995,-0.0106882683260962,0.00536980300232714,0.00247641729754355,0.629112496703263,-0.00960387501202997,0.00622419588156908,2.04442584671449e-05,0.628957032908289,-0.0104581023143567,0.00635437725532118,0.00118137291611098,0.628221656716265,-0.00833931514787567,0.00769153488146335,-0.00299055197146758,0.628410410105967,-0.00863806056427452,0.00708787915266917,-0.0023641218293069,0.464426985906039,-0.106142799663631,-0.0338133712317319,-0.0212618835350951,0.466647314831311,-0.115684080174686,-0.0476151138326503,-0.0205197903198046,0.465033503108359,-0.109086680626385,-0.0408889496763539,-0.0337026976725377,0.468481577502914,-0.114042278466753,-0.049982163734694,-0.0586218437126187,0.462518615398219,-0.11397705680484,-0.0551538361858524,-0.122096268596352,0.46390470852697,-0.115305074256902,-0.0575210832147158,-0.1185287538396,0.585818331049466,0.0315734814636997,0.0977693374712788,0.0133350613479441,0.584816568639681,0.0220726981304156,0.092553576735771,0.0404369230011863,0.587886455141253,0.0258435420142998,0.0956538120818263,0.030426591906454,0.588109244715629,0.0266536624236442,0.102305644396019,0.0627933889148131,0.587079088168122,0.0455876437992534,0.115264206024003,0.0962364431296052,0.584384683543978,0.041547415751303,0.112718489125576,0.10009262527524,0.121391345143427,0.137716281127331,0.131582708703011,0.0345969448830393,0.118169253808369,0.137756778305102,0.140168690568421,0.060956713320991,0.122852952032894,0.134930222640685,0.13654276175818,0.0641292895789917,0.119627667212715,0.140695940890397,0.152287808130713,0.121415232627432,0.124560472769902,0.159564700604094,0.170418042209855,0.218332711725957,0.120479975017008,0.156852490008205,0.170239572340292,0.21862137911484,0.0283412491409686,0.0324450695829764,0.0304573849153926,0.00810607687930354,0.0275850296209856,0.032512049232993,0.0325087036335221,0.0142703240208857,0.0286724719639404,0.0318005563961457,0.031619941393503,0.0150226024108565,0.0279068978931067,0.0331801215132045,0.035281482706344,0.0284370115785492,0.0290831812149566,0.0375692752862485,0.0394701518985077,0.0511512504604471,0.0281356249068241,0.0369478385298732,0.0394463800636702,0.0512105522622566
"10",4,60,80,25,1e+05,0,0,0,0,60,9,13,60,10,15,0.426526640240563,0.489190067282267,0.00556294673523495,0.0312735527301871,-0.00698520037884469,0.491102226474309,0.00251417602268804,0.0229959134978855,0.00559776379645031,0.487751122534977,0.00593235464353964,0.0299244760257137,-0.00301449820386783,0.491131007822138,0.00446812674264858,0.0257109400405316,-0.00148092639753333,0.48735788186667,0.0110927111416286,0.0314356708960007,-0.0129707142748953,0.485530076129761,0.0137573724426651,0.0338314611760154,-0.0173911686851388,0.619915614340709,0.00130986570646152,0.00734055544527512,-0.00164245709289157,0.620366054336731,0.000591939210738635,0.00540062734259827,0.00130579060455682,0.619576511371817,0.00139726935926321,0.00702757170736079,-0.000714826972097571,0.620372832666411,0.00105172282275334,0.00603617940951906,-0.000352920316526339,0.61948381961559,0.00261132616405735,0.00738179573635223,-0.00305070525881879,0.619052868639599,0.00323899572580999,0.00794559162650987,-0.00408922814320856,0.436497233358589,-0.0559395293045127,-0.0358779260429065,-0.0229015715733157,0.439416173056267,-0.0615177587601791,-0.0391051498864929,-0.0317608297260051,0.432783317465002,-0.0541851446825648,-0.0343075638872316,-0.0338342802934121,0.439010394781595,-0.0634170649985364,-0.0420687511947009,-0.0542870977967717,0.427949846477591,-0.069961250604681,-0.0461595985977595,-0.114459820424607,0.428558842387766,-0.0629372990597951,-0.043180813899555,-0.114349254765479,0.542849090352395,0.0690635007501779,0.0962843063747521,0.00790200723926431,0.543484654773082,0.0737050198041082,0.0852315114872989,0.0396007344020019,0.541948777453775,0.0670188571221617,0.0953872344448397,0.0281870216093622,0.547548519184206,0.0684818836915564,0.0888904413675383,0.0520310513410692,0.54700404348556,0.0935958305237557,0.105405662443553,0.0974540879227898,0.544062003811131,0.0897519425117531,0.11094220467015,0.0868749516611798,0.106351856993805,0.125003030054691,0.132162232417659,0.03080357881258,0.104068481716815,0.135222778564287,0.124336661373792,0.071361564128007,0.109165459988773,0.121204001804727,0.129694798332071,0.0620213019027743,0.108538124402612,0.131898948690093,0.130959192562239,0.106318149137841,0.119054197007968,0.163557081128437,0.151565261041312,0.211913908347397,0.115503161423365,0.152689241571548,0.154123018569705,0.201224206426659,0.0250508637032708,0.0293987542364329,0.0308996484632975,0.00720548730211057,0.0245027565816709,0.0317896742272685,0.0291094121504388,0.0166830349465439,0.0257275337585835,0.0285166842822174,0.0303315638307589,0.014498824515621,0.0255434395345486,0.0310353189478045,0.0306560878359534,0.0248548712154644,0.0280562226914185,0.038426706938008,0.0354544589653083,0.0494978290632264,0.0272273555430167,0.035877566015827,0.0360301352645861,0.0470283507897554
"11",4,60,80,25,1e+05,0,0,0,0,60,12,30,60,14,14,0.428765788226375,0.515584755217623,-0.00978309827528507,0.0425123658133877,0.00461872860692423,0.51031971829374,-0.00262503115847219,0.0483912145315325,-0.00595508050820092,0.516166625931946,-0.0156181099922876,0.0369121688964801,0.0183060351487699,0.506037913975257,0.00656370262139743,0.0588346379157628,-0.0279656009371908,0.512089713033429,-0.00335188273067722,0.043850902554895,-0.00702314324559578,0.513249745635037,-0.00717168439282572,0.0486716154162752,-0.00485100231163499,0.626114756171043,-0.00229298584044979,0.00989738041547017,0.0010965929462754,0.624881420908744,-0.000615520884448828,0.0112728016703798,-0.00137275970781914,0.626250959236878,-0.00366273341420031,0.00859864027368284,0.00428561021171014,0.623877210713869,0.00153894511021313,0.0137019927397697,-0.00649873834036274,0.625296224075901,-0.000785678225955322,0.0102165337141567,-0.00162091628584493,0.62556798117797,-0.00168134977664347,0.0113290083167478,-0.00110355735275303,0.45945340465358,-0.0757559661884942,-0.0187825138846395,-0.00755630427022694,0.456329098445262,-0.062745455784819,-0.0129574855635359,-0.0360050634842638,0.458006763923272,-0.081861191446617,-0.0232515342171428,-0.00120519179341404,0.452510219105807,-0.0651417102327533,-0.00634950241337128,-0.0807623938906033,0.456504612545937,-0.0847169720328931,-0.0308606015926986,-0.102950256734617,0.458614858078717,-0.0884317896965367,-0.03586659247019,-0.105659346146784,0.574146079211139,0.0535916037276859,0.10167606476686,0.0174219341200529,0.566007606773715,0.0595830426007688,0.10847759825553,0.0242558166951596,0.570627752219233,0.0500406166579714,0.0995723566237401,0.0378032432536792,0.563436585511953,0.0769490504137577,0.121247240558757,0.0214988899781356,0.568994928178293,0.0725899533310592,0.118000023938681,0.0917924238195467,0.572594008639157,0.0677194560213454,0.143743397340586,0.104560901998006,0.114692674557559,0.12934756991618,0.1204585786515,0.0249782383902798,0.109678508328453,0.122328498385588,0.121435083819066,0.0602608801794234,0.112620988295962,0.131901808104588,0.122823890840883,0.0390084350470932,0.110926366406146,0.142090760646511,0.127596742972128,0.102261283868739,0.112490315632356,0.157306925363952,0.14886062553138,0.194742680554164,0.11397915056044,0.156151245717882,0.179609989810776,0.21022024814479,0.0268348093105228,0.0303548687176856,0.0278877564941405,0.00579002367356984,0.0256984660310129,0.0286783988489551,0.0281057214443464,0.0139793631448293,0.0263667943215937,0.0309862599672078,0.0284559148267278,0.00903598886743195,0.0260114313658836,0.0332818593824346,0.0294875206876776,0.0237731565484305,0.0263465815075188,0.0368973561202741,0.0344717399976774,0.0451898794941462,0.0266759828153268,0.0366548214632885,0.0414548622419584,0.0486825723869917
"12",4,60,80,25,1e+05,0,0,0,0,60,12,17,60,14,10,0.386604635996371,0.499150955823801,-0.00119358845315792,0.0238230175056738,-0.00474703115703547,0.501581814118454,-0.00381285283601571,0.021951155028228,-0.00438922623308501,0.502477900379677,-0.00688079661919803,0.0186714915157758,0.00664856400997233,0.507265207297147,-0.014857780393463,0.00964269806002075,0.0242977977763274,0.514242626831173,-0.0363333273993226,-0.00899602980786389,0.0678684977134084,0.516259319098234,-0.0350874046693382,-0.00952941016422732,0.0669014061038009,0.6222597819328,-0.000280596918054932,0.00558313543826383,-0.00110851651662169,0.622830991320708,-0.000896105566541183,0.00514252954557537,-0.001022089608406,0.623041470046295,-0.00161739231630387,0.00437502323202343,0.00156310284556394,0.624165156723308,-0.00349176033376297,0.00225929064702324,0.00569823385244284,0.625800517393207,-0.0085464525023643,-0.0021090109070987,0.0159184037487657,0.626272654809918,-0.00824808772627705,-0.00223307833369069,0.0156821404631265,0.440003533763806,-0.0645117282769229,-0.0436066654719885,-0.0184756580079014,0.445262573483161,-0.068250453872935,-0.0421119474970416,-0.0332256388613941,0.447761861273766,-0.0663022690890764,-0.0429285031091389,-0.0170969027426565,0.45435010437699,-0.0830310032204381,-0.0526760991763216,0.0222397758791633,0.459797826824395,-0.112056716480058,-0.0816040160090618,-0.0319372216746448,0.457943167411825,-0.11399877756157,-0.0856233228909984,-0.0344746698568718,0.55849232397027,0.0625168096432954,0.090048723545637,0.00812250015579275,0.557579576009811,0.0649058769930957,0.0874269163341907,0.0241372478657923,0.55719403015675,0.0530431738266499,0.078700704404524,0.0295303912987998,0.56269904482603,0.0527828915952989,0.0727904114938744,0.0263016053193156,0.569774661180247,0.0395789668007741,0.0709730949016348,0.166459770343046,0.575822688945461,0.0426200910631925,0.0634322203504474,0.173780140591795,0.118488790206464,0.127028537920218,0.133655389017625,0.0265981581636942,0.11231700252665,0.133156330866031,0.129538863831232,0.0573628867271864,0.109432168882984,0.119345442915726,0.121629207513663,0.0466272940414563,0.108348940449039,0.135813894815737,0.125466510670196,0.00406182944015223,0.109976834355852,0.151635683280833,0.152577110910697,0.198396992017691,0.117879521533636,0.156618868624762,0.149055543241446,0.208254810448667,0.0278437486529906,0.029857413851049,0.0312248667448558,0.00622482174869576,0.0263800363527621,0.0312834485625806,0.0302492638878165,0.0134290080153212,0.0256960799172378,0.0280681873487029,0.0284312829614672,0.0109012768556729,0.0254038058171512,0.031967656927344,0.0293504242172289,0.000948257031611832,0.0257449638197244,0.0358090395120519,0.0357630907482254,0.0461685342822454,0.0275795167619188,0.0369625596498682,0.0349708982551382,0.0483942502406239
"13",4,60,80,25,1e+05,0,0,0,1,60,55,54,60,47,53,0.698312016295412,0.534949968524883,-0.0503321651651911,-0.013328110669134,0.202887925668618,0.531870654272614,-0.0465532544505117,-0.00976968333207073,0.198109628347187,0.534960779520142,-0.0479926593426389,-0.0130754321404973,0.201172108199295,0.534492421982196,-0.0509375930642536,-0.0131024876266923,0.206248185030721,0.542456803193509,-0.0662474827229044,-0.0279577340570689,0.237853487540438,0.54046019994447,-0.0639683847242476,-0.0267007982136481,0.234699038719854,0.630636871695234,-0.01179916442549,-0.00310993904461121,0.0467101975459809,0.629919306595992,-0.0109165939172171,-0.00228039439114169,0.0455992972579968,0.630639389940131,-0.0112474506373431,-0.00305087213963962,0.0462952553210505,0.630530287176354,-0.0119433434192775,-0.00305756520453193,0.0474725131208307,0.632383747469125,-0.0155313851054993,-0.00652317983417294,0.0547707391686603,0.631919465476673,-0.0150003389473642,-0.00623211382631228,0.0540530807132903,0.467502760826697,-0.120749814280342,-0.0876696497428459,0.183758253207877,0.473253686890113,-0.115890154409879,-0.080525861631352,0.17881612338155,0.469476216191514,-0.115629851759204,-0.0824770272707063,0.181896135857403,0.46862498132868,-0.136642813504962,-0.091999957384627,0.134798501583739,0.478561868023815,-0.145658760890245,-0.107905706793597,0.160783542074349,0.47798821285609,-0.143049012998189,-0.107581409951839,0.158951656036846,0.597406565317735,0.0213555672782156,0.0596979889566905,0.222483785644364,0.591831964082328,0.0209162071723897,0.0606119936333721,0.217137854932705,0.59633732940018,0.0293194363634886,0.0616958765138349,0.220539505378226,0.60047981261371,0.0259724735615084,0.0631829452439692,0.278014155518006,0.606675009155353,0.0136153748859043,0.0526961150777716,0.318238148822248,0.602610125650412,0.0153044481674856,0.0535215576046919,0.316203516118926,0.129903804491038,0.142105381558558,0.147367638699536,0.0387255324364875,0.118578277192214,0.136806361582269,0.141137855264724,0.0383217315511551,0.126861113208666,0.144949288122693,0.144172903784541,0.0386433695208238,0.13185483128503,0.16261528706647,0.155182902628596,0.143215653934267,0.128113141131537,0.159274135776149,0.160601821871368,0.157454606747898,0.124621912794322,0.158353461165674,0.161102967556531,0.15725186008208,0.0302702220380434,0.0335027142351944,0.0344384797461527,0.00865872696598646,0.027631802079,0.0322609022983796,0.0329756546029886,0.00857090983117259,0.0295581222705956,0.0341191843843299,0.0336614240923865,0.00863839121239973,0.0307078157952749,0.0383892053401739,0.0362715123332855,0.031987769247833,0.0297737307504478,0.0376251190405847,0.0375866860562284,0.0350403938298262,0.0289805264284271,0.0374064850082951,0.0377173363670952,0.0349998590997294
"14",4,60,80,25,1e+05,0,0,0,1,60,52,54,60,49,53,0.622546395304476,0.488777685364532,-0.00403968630240212,0.0372521043983367,0.213353061473397,0.490531490270449,-0.00632369840647954,0.0328579511310892,0.220098703393014,0.494982723683647,-0.0107072276415542,0.0300485063455204,0.222649643629215,0.489752604104444,-0.00498333060786265,0.0388254995258525,0.211243871526755,0.487937455374968,0.00130947000518344,0.040163290142611,0.201951612680225,0.488668842921687,-0.00412591259383684,0.0370928357959948,0.213133852479659,0.619818444008242,-0.000952385669752087,0.0087382043985651,0.0483724336987338,0.620231629873545,-0.00149063984228559,0.00770835902635525,0.0499261387420187,0.621279530233074,-0.0025225688755145,0.00704395133654734,0.0505328090849219,0.62004815046084,-0.00117471542201808,0.00910326573961029,0.0478894796366984,0.619620429315198,0.000308581853143752,0.00941960286767318,0.0457554312011168,0.619792795655193,-0.000972749413589491,0.00870125385386644,0.0483297585471752,0.42427566056791,-0.0738279576452095,-0.0348725235755856,0.195477756027308,0.431053018606397,-0.0770799910630144,-0.0321205114751457,0.20204418076299,0.431494408930501,-0.0766106475526954,-0.0402352592041969,0.207304021314315,0.428242718100463,-0.0709645215237736,-0.0278264295297669,0.207995123352702,0.426692839518413,-0.0681543155399808,-0.0264416957925722,0.19799851308017,0.42470497588299,-0.076264499807695,-0.0274157441132978,0.210108548433396,0.550101276518108,0.0666967086413569,0.105640285063708,0.232389433024455,0.550241640903165,0.0612888643678448,0.0992907582987473,0.237266829383945,0.556177189801929,0.063076920551282,0.101832631708751,0.238860570273476,0.550677468212965,0.063926084646734,0.101510063394431,0.214549756549572,0.545829025433815,0.0680498212331441,0.103538731170272,0.205798650450484,0.549665262307464,0.0661393468476382,0.101501653164116,0.216509830491337,0.125825615950198,0.140524666286566,0.140512808639293,0.0369116769971464,0.119188622296768,0.138368855430859,0.131411269773893,0.0352226486209551,0.124682780871428,0.139687568103977,0.142067890912948,0.0315565489591604,0.122434750112502,0.134890606170508,0.129336492924198,0.00655463319686936,0.119136185915402,0.136204136773125,0.129980426962844,0.00780013737031351,0.124960286424474,0.142403846655333,0.128917397277414,0.00640128205794036,0.0296531637819155,0.0331306224014494,0.0328108709835977,0.00808304952307592,0.0280665602317781,0.032642629849958,0.0306872117098961,0.00771102512664601,0.0293370922392243,0.0329098242062356,0.0331599807424151,0.00690678711617543,0.0288387867633296,0.031795440687009,0.0301837890774198,0.00143591537937249,0.028083679573134,0.032092210139786,0.0303348278564928,0.00171090140513586,0.0294493665250083,0.033586151782345,0.0300928605810493,0.00140228262321951
"15",4,60,80,25,1e+05,0,0,0,1,60,53,54,60,53,51,0.393259294337303,0.483433285225979,0.012165629123044,0.0160567770486237,0.233705729606694,0.482175517243388,0.0123542176903331,0.0169282730409968,0.234025675831317,0.482763200667569,0.0123764378998186,0.0172241366351803,0.233241465957932,0.47976973628413,0.0195369575527393,0.0219588014596592,0.220572295644381,0.479326923476682,0.0217868883984303,0.0257572480059775,0.211235835095585,0.479175071092988,0.0227283733800882,0.0252781792367447,0.212439578600597,0.6185582666731,0.00286623700896615,0.00378121978899093,0.0529614136325901,0.618261459722582,0.00291148035565802,0.0039872357661801,0.053033645325593,0.618400151728618,0.00291629850491892,0.00405620368776161,0.0528476961973768,0.61769349987182,0.00460288798034869,0.00517195804827864,0.049929253823975,0.617588924958315,0.00513212044488631,0.00606445942079437,0.0477962428366158,0.617553060908554,0.00535348243271161,0.00595222851856947,0.0480542462005138,0.43552501294161,-0.044063291261838,-0.039301619457033,0.220873683032815,0.435302645235364,-0.0409000549180551,-0.0382289542011301,0.22306700393463,0.43769052904126,-0.0467301006108597,-0.0360405725871921,0.214788915714228,0.430441882060825,-0.042117918051452,-0.0356067014060524,0.166130182588849,0.430356375034503,-0.0407415732192339,-0.0326468056347251,0.160999692719667,0.430298535219999,-0.0355635449885849,-0.0350320713472064,0.153262947213025,0.532001949063048,0.0709059735086437,0.0725586689824187,0.246578375331969,0.531126665434752,0.0659216644625597,0.0733425969560387,0.24489974435899,0.531288049740214,0.0658237999037274,0.073080785611306,0.25059903398536,0.529894908029652,0.0810415737044407,0.0829259602058154,0.273159166760113,0.530131927576833,0.0831961158528193,0.0832331139412333,0.261564015452503,0.527154012353291,0.0815703821817226,0.0850063513487194,0.265690245485611,0.0964769361214383,0.114969264770482,0.111860288439452,0.0257046922991536,0.0958240201993871,0.106821719380615,0.111571551157169,0.0218327404243597,0.0935975206989537,0.112553900514587,0.109121358198498,0.0358101182711326,0.0994530259688271,0.123159491755893,0.118532661611868,0.107028984171264,0.0997755525423307,0.123937689072053,0.115879919575958,0.100564322732835,0.0968554771332924,0.117133927170308,0.120038422695926,0.112427298272586,0.0227576977800981,0.027032842308333,0.0262815671587646,0.00561012704763708,0.0226066727200219,0.0251311041625438,0.0262158706436927,0.00476497181496283,0.0220748863119506,0.0264943092203644,0.025630647187558,0.00781650633223341,0.0234794197505439,0.0289408769484469,0.0278254923831829,0.0233932687096985,0.0235551171667886,0.029114225220816,0.0271950634612682,0.0220021143794374,0.0228741326502918,0.0275057583745467,0.0281737069682421,0.024609729904515
"16",4,60,80,25,1e+05,0,0,0,1,60,58,55,60,52,52,0.299931261900233,0.476422879898222,0.0373084198095663,-0.00977239721223432,0.217925203717144,0.475674486380832,0.038968295715081,-0.00751317385034631,0.214722043000751,0.475816072164995,0.0407332539825944,-0.00659534962500328,0.212568679003827,0.464707560823365,0.0666351253916108,0.0169371820058704,0.156746717563224,0.46341399568318,0.0648069524090953,0.0199251898149449,0.158566337218457,0.463694121343525,0.0674234139837768,0.0156105959074412,0.155901152847866,0.616902834919022,0.00877793513871405,-0.00231217012735119,0.0496531751644727,0.616725948822265,0.00916826990372122,-0.00177747732112732,0.0488978914975235,0.61675941561633,0.0095811143702923,-0.00156012032551722,0.0483818712802486,0.614130344531519,0.0156658731965503,0.00400583701712998,0.0354992324783928,0.613823757663684,0.0152443231950394,0.00471230650143617,0.0358939431140669,0.613890157695751,0.0158535639065822,0.00369352274137169,0.035333215944923,0.425569844289127,-0.017132385698403,-0.0680790896789251,0.20639761448892,0.427743232467642,-0.0222300298627096,-0.0635147030662495,0.205314703198538,0.422681473756366,-0.0151823772381289,-0.0640538078649387,0.200337329283587,0.416171851026528,0.00280959459099249,-0.0457258073244264,0.0965372154323207,0.4130337704138,0.00271888597061963,-0.0421168861941075,0.101485238333089,0.411211490994642,0.00931312063956142,-0.0492328894842102,0.100728091250211,0.528793842706308,0.0929481730492582,0.0462614606383137,0.22920784433511,0.525047153107573,0.0969678306161413,0.0455412517025737,0.224309964610099,0.528006964644597,0.097215158316073,0.0537741820732694,0.223976989385955,0.515968049446282,0.127182214897824,0.0776424909303344,0.217116756320615,0.515657600904942,0.128353751556275,0.0833811083614899,0.217030499452859,0.511905921851662,0.126052090286689,0.0807505110700929,0.212863044718007,0.103223998417181,0.110080558747661,0.114340550317239,0.0228102298461906,0.0973039206399309,0.119197860478851,0.109055954768823,0.0189952614115609,0.105325490888231,0.112397535554202,0.117827989938208,0.0236396601023679,0.0997961984197546,0.124372620306831,0.123368298254761,0.120579540888294,0.102623830491142,0.125634865585655,0.125497994555597,0.11554526111977,0.10069443085702,0.116738969647127,0.129983400554303,0.112134953467796,0.0243864575512009,0.025772188084709,0.0270845559675463,0.00501987608259824,0.0229925555057622,0.0279147806202507,0.0258263614382338,0.0041800592560427,0.0248934236784976,0.0262978257308983,0.0278771788075891,0.00520177798801102,0.02363763359723,0.0290026981464927,0.0291193633621031,0.0266826952498018,0.0243167123271719,0.0293025922297752,0.0295981164312561,0.025549191803962,0.0238748245978292,0.0272116299280672,0.0306886308443066,0.0248279675912613
"17",4,60,80,25,1e+05,0,0,0,2,60,57,54,60,54,55,0.577383705888775,0.510747326382616,-0.0497280136727871,0.0380380656383579,0.365080541120661,0.512094397877131,-0.0505324649555048,0.0377275731946953,0.364336884095571,0.510665602858705,-0.0492265437606237,0.039557994408688,0.362999027392021,0.510140549885067,-0.0460393532530408,0.0408144508049332,0.355541835779284,0.510187604600492,-0.0473476257186199,0.0417596860959197,0.358299145417243,0.509049520167845,-0.0446875743804767,0.0411896622894876,0.357496520629886,0.624981648871175,-0.0117256912976395,0.00887209792095134,0.0813964032034485,0.625297321738148,-0.0119126771649417,0.00879696421434528,0.0812361451594704,0.624962494349724,-0.0116069889629212,0.00922497138005507,0.0809143967009248,0.62483942206447,-0.010852780181662,0.00951770800979601,0.0792518769445344,0.624850452336375,-0.0111627708857414,0.00973680688066592,0.0798414545668482,0.624583633389859,-0.010535193957226,0.00960744799861202,0.0796412147078606,0.457569864536318,-0.111510464809542,-0.027153535851733,0.351118807639608,0.460258027943486,-0.112239274017994,-0.0283368634541662,0.348503153738679,0.455679478586313,-0.113114428836612,-0.0208110851103444,0.344288563816874,0.454801332894364,-0.114177321415223,-0.0256191098562546,0.299535685870491,0.451418809184328,-0.116169441586798,-0.0260719366505506,0.305178534258279,0.45400510706815,-0.112419731351311,-0.0248523553842272,0.303121312240529,0.565787219406926,0.0122316053905104,0.103267439977134,0.379622260636653,0.567268690543146,0.010930564034765,0.102821735479474,0.380282145032803,0.569906325789341,0.0147768857372649,0.102009260418007,0.381960834098148,0.567770496916241,0.0216348131854509,0.108352662945626,0.411844927729297,0.569436826233398,0.0219907127947245,0.11562493618451,0.413057006577245,0.565195554126786,0.0237720990833437,0.110866233165814,0.411882610105663,0.108217354870607,0.123742070200052,0.130420975828867,0.0285034529970448,0.10701066259966,0.123169838052759,0.13115859893364,0.0317789912941244,0.114226847203027,0.127891314573877,0.122820345528351,0.0376722702812737,0.112969164021876,0.135812134600673,0.133971772801881,0.112309241858805,0.118018017049069,0.138160154381522,0.14169687283506,0.107878472318966,0.111190447058636,0.136191830434655,0.135718588550041,0.108761297865134,0.0253530084927529,0.0293397818373039,0.0302599435007638,0.00594443495342223,0.0250573154304115,0.0292019795260315,0.0304266529175139,0.00662955122003983,0.0267528307760325,0.0303203575523695,0.0284785729858102,0.00785753391785227,0.0264683843747877,0.0321796947842624,0.0310607987774636,0.0234557326259653,0.0276567000451424,0.0327414115964297,0.032820105529055,0.0225021579824425,0.0260627759047484,0.0322633070520648,0.0314609046486725,0.0226923820526846
"18",4,60,80,25,1e+05,0,0,0,2,60,51,57,60,52,51,0.875926685764649,0.424301624684556,0.047409810575009,0.029658474750654,0.372039386519295,0.426910860130103,0.0437520421034181,0.027837016858332,0.372560067332634,0.424253552206358,0.0470891630865253,0.0316151150840919,0.367730519478594,0.414173990167825,0.0748057780826925,0.0554849283410769,0.304611292551133,0.413772023786528,0.0737605338789337,0.0589603517624595,0.303288529158604,0.417218686726462,0.0695298582565229,0.0510443354462043,0.315648464086897,0.604512131281475,0.0112766188094794,0.00706823820931479,0.0825976178572985,0.605135769605584,0.0104048748481094,0.00663171984445898,0.082793846948136,0.604500638189557,0.0112008716274811,0.00753301458567013,0.0816543846927157,0.602088299819792,0.0177777625620157,0.0132147239803033,0.0672924878322838,0.601991993575786,0.01753300039142,0.0140382752339636,0.066958023018738,0.602817514844399,0.0165226592232903,0.0121550398808263,0.0697933304354281,0.350509040537224,-0.0276786798642863,-0.0554515033421737,0.354666587467738,0.352767730012687,-0.0381613583776624,-0.0530660701778034,0.347372166742617,0.351011212248591,-0.0397144014833441,-0.0480164875476339,0.348469265822492,0.339323206384935,-0.00913801323652482,-0.0296422853507448,0.285533481849055,0.334720836110851,-0.00787297030845352,-0.0237527863952348,0.281839641367349,0.341990159944587,-0.0142475950621322,-0.0333891990313185,0.250889712694327,0.49732695887014,0.121696935839579,0.109155272925697,0.390722106739489,0.502926066178211,0.126420927137478,0.108702362160237,0.395781381634566,0.500343419175933,0.130139373454572,0.109724449588246,0.386628137545694,0.488284791911516,0.158754423483916,0.138496299189363,0.32383961382801,0.491270699082308,0.154992825147626,0.140956367830043,0.324891214408911,0.492855544864625,0.156605949683801,0.139111312009173,0.378023431677021,0.146817918332917,0.149375615703865,0.16460677626787,0.0360555192717509,0.150158336165524,0.164582285515141,0.161768432338041,0.0484092148919488,0.149332206927342,0.169853774937916,0.15774093713588,0.0381588717232028,0.148961585526581,0.167892436720441,0.168138584540108,0.0383061319789552,0.156549862971457,0.162865795456079,0.164709154225277,0.0430515730415624,0.150865384920038,0.170853544745933,0.172500511040492,0.127133718982694,0.0350899368180835,0.035330712566283,0.0391079189020682,0.00748980217908968,0.0358581358729861,0.0389266140081351,0.0384036651437416,0.0100723899697217,0.035677258832136,0.0401867587783407,0.037445229802571,0.00793830073387247,0.0356761776795663,0.0395416122647165,0.0397892679627317,0.00803819314568233,0.0374981471751643,0.0383739792983722,0.0389445863251681,0.00903138267041392,0.036105019215123,0.0402439338034201,0.0408065525358424,0.026640496275891
"19",4,60,80,25,1e+05,0,0,0,2,60,51,53,60,53,57,0.685671800615284,0.490525657755625,0.061066236035868,-0.051291912822087,0.3702142567189,0.487124595132457,0.066898580720919,-0.0454189719240559,0.358106110557528,0.48720722047724,0.0637614351366249,-0.0470828505751887,0.367304213816273,0.485473600337922,0.0713286774720224,-0.041001548446475,0.349061458607251,0.485412408134461,0.0747434108281722,-0.0395078212397771,0.341362414031664,0.485768312329853,0.0712293373525183,-0.0398257923042731,0.343801842140691,0.620230256056638,0.0142745875566467,-0.0121538236921055,0.0825016689760574,0.619428826890221,0.015639666968251,-0.0107634554048306,0.0797556836703637,0.619448304528693,0.0149119927742494,-0.0111596393231655,0.0817925978416411,0.61903955006656,0.0166727766506232,-0.00971543629904592,0.0776786123352421,0.619025119029465,0.0174634739867883,-0.0093600462844492,0.0759519690390725,0.619109049434758,0.0166485207237544,-0.00943494964464553,0.076541427413926,0.425707254968489,-0.0111608065460957,-0.120060078544699,0.350212609976958,0.427888259268346,-0.00072795386418105,-0.112883235528484,0.341834282177867,0.429623797074511,-0.00510251157474466,-0.112945852576814,0.350240771713105,0.42546332520325,-0.00310797247089618,-0.11473178350094,0.285535453817169,0.426867072345667,0.000257056763894316,-0.106347319925594,0.280094534787411,0.423663823116666,-0.00283589271653866,-0.113716385434525,0.280467952621055,0.550181970033569,0.128388828991622,0.0195054212470298,0.39167325212602,0.545534837755002,0.138155284804348,0.0246482266875118,0.375049089880079,0.549124395559991,0.130760436987986,0.0191698870353691,0.385641481846933,0.54926565790833,0.144449064043225,0.0303087933500902,0.414664731973263,0.54323406249321,0.143725533532183,0.0327558681469653,0.405217166865783,0.548837990664871,0.145891761920405,0.0323410519162814,0.404637599299554,0.12447471506508,0.139549635537717,0.139565499791729,0.0414606421490615,0.117646578486656,0.138883238668529,0.137531462215996,0.0332148077022123,0.11950059848548,0.135862948562731,0.132115739612183,0.0354007101338281,0.12380233270508,0.147557036514121,0.145040576851031,0.129129278156093,0.116366990147543,0.143468476768289,0.139103188072559,0.125122632078372,0.125174167548205,0.148727654636944,0.146057437350806,0.124169646678499,0.0293296723808262,0.0323737428728529,0.0332422860918897,0.00862255163256487,0.0277297284589453,0.0321612138899769,0.0327385317380386,0.00691958405243343,0.0281485891691828,0.0315114351881074,0.0314685281991348,0.00736054250869145,0.0291753675989244,0.034165598843573,0.0345228058441007,0.0269094768762353,0.0274391152491721,0.0332082277487309,0.0330717545830783,0.0261023709849061,0.0295063166669275,0.0344257001861157,0.0347508631650937,0.0259412641026594
"20",4,60,80,25,1e+05,0,0,0,2,60,56,56,60,55,57,0.491615044578428,0.540450456594719,-0.0150525987055634,-0.0713323662017645,0.367795592650368,0.539844162659357,-0.0133750117826006,-0.0721226020272758,0.368047218534257,0.540366880550218,-0.0138908462767546,-0.0729147626769278,0.369832400333313,0.531519723201845,0.00867907220372795,-0.0481996370000832,0.312178165617963,0.527103775911457,0.0117486189807199,-0.0457355087952805,0.311028366621681,0.530363704711249,0.0103818127957058,-0.0492439958800066,0.314733356250733,0.631917199197357,-0.00350810192180206,-0.0167422002118769,0.0829643567219246,0.631776165254315,-0.00311694360277281,-0.016931826481606,0.0830168389214961,0.631897759374566,-0.00323693081747989,-0.0171172295252682,0.0834126481974902,0.629837493473804,0.00202116792833151,-0.0113059357826121,0.0703146157633694,0.628807360737484,0.00273805444226494,-0.0107364417097086,0.0700515184133113,0.629567936321393,0.00241789073878096,-0.0115556934996474,0.070876466234858,0.476207571346983,-0.0880545645862026,-0.143085371622726,0.356162710639671,0.471371233051761,-0.0854322493524868,-0.147201786868952,0.355906164611713,0.473632316612901,-0.0933066477757684,-0.149855559488601,0.355772559800482,0.462853966689012,-0.0694068226467795,-0.125989318609489,0.26284965958581,0.45876193156993,-0.0696756265104,-0.12530163197095,0.254911822508542,0.463513610110897,-0.0675126791216136,-0.128952037984625,0.264751520711103,0.604683699399977,0.054355502128722,0.0102019522278825,0.379710424202135,0.606693730945013,0.0607957063885958,0.0033136356922739,0.380205196936132,0.607884587802587,0.0597593950882799,0.00543953178673927,0.384144232253214,0.597408804455203,0.0840019411030098,0.0315690563728006,0.362359925202188,0.597065426457102,0.0921949849449206,0.0361871097039628,0.36280685968998,0.595976214769581,0.0871082544795618,0.0320209752946654,0.36286631719989,0.128476128052994,0.142410066714925,0.153287323850608,0.0235477135624637,0.135322497893252,0.146227955741083,0.150515422561226,0.0242990323244182,0.134252271189687,0.153066042864048,0.15529509127534,0.0283716724527311,0.134554837766191,0.153408763749789,0.15755837498229,0.0995102656163777,0.138303494887172,0.161870611455321,0.161488741674912,0.107895037181438,0.132462604658684,0.154620933601175,0.160973013279291,0.0981147964887863,0.0298751813846827,0.0332583669112535,0.0362325124260039,0.00499460422441456,0.0314779715411307,0.0341149921494908,0.0356280605574649,0.00515315805986805,0.0312149811663928,0.0357451445273589,0.0367563170790318,0.00601421899900989,0.0313722604161295,0.0356840420537344,0.0371512515609602,0.021246446378376,0.032264204599079,0.037655161241358,0.0380930778019464,0.0230592920575977,0.0308878185500691,0.0359530666897683,0.0379773485623248,0.0209429164100338
